,run 0,run 1
0,0.00013054830287206266,0.06471273993246435
1,0.00026595744680851064,0.0002801120448179272
2,0.002777777777777778,0.02376869991782866
3,0.0010869565217391304,0.0035714285714285718
4,0.0022222222222222222,0.002325581395348837
5,0.018813255193443332,0.0020408163265306124
6,0.0016666666666666668,0.0012195121951219512
7,0.00625,0.0013513513513513514
